﻿<?xml version="1.0" encoding="utf-8"?>
<Skin>
  <Item Name="618ProLifetimePriceItem">
    <Part id="0" Name="Frame" FillMode="stretch" TransparentMode="Alpha">
      <Graphic Name="618ProLifetimePriceItem.png" />
      <State Left="0" Top="0" Width="173" Height="120">
        <Margins Left="37" Top="37" Right="51" Bottom="4" />
        <DestMargins Left="37" Top="37" Right="51" Bottom="4" />
      </State>
      <State Left="173" Top="0" Width="173" Height="120">
        <Margins Left="37" Top="37" Right="51" Bottom="4" />
        <DestMargins Left="37" Top="37" Right="51" Bottom="4" />
      </State>
      <State Left="346" Top="0" Width="173" Height="120">
        <Margins Left="36" Top="37" Right="51" Bottom="15" />
        <DestMargins Left="36" Top="37" Right="51" Bottom="15" />
      </State>
    </Part>
  </Item>
</Skin>