﻿<?xml version="1.0" encoding="UTF-8" standalone="yes"?>
<Skin>
  <Item Name="AboutForm">
    <Part id="0" Name="Form" TransparentMode="Alpha">
      <Graphic Name="AboutForm_Form.png" />
      <Region type="Rect" />
      <Margins Left="28" Top="98" Right="30" Bottom="41" />
      <State Left="0" Top="0" Width="638" Height="207">
        <Margins Left="28" Top="98" Right="30" Bottom="41" />
        <DestMargins Scale="True" Left="28" Top="98" Right="30" Bottom="41" />
      </State>
      <State Left="0" Top="0" Width="638" Height="207">
        <Margins Left="28" Top="98" Right="30" Bottom="41" />
        <DestMargins Scale="True" Left="28" Top="98" Right="30" Bottom="41" />
      </State>
    </Part>
    <Part id="1" Name="Caption" TransparentMode="Alpha">
      <Position RelPos="Top" Scale="False" X="26" Y="8" X2="26" Height="16" />
      <State Left="0" Top="0" Width="0" Height="0">
        <Font Color="0xff646464" />
      </State>
      <State Left="0" Top="0" Width="0" Height="0">
        <Font Color="clBlack" />
      </State>
    </Part>
    <Part id="2" Name="Icon" TransparentMode="Alpha">
      <Position RelPos="TopLeft" Scale="False" X="8" Y="8" Width="16" Height="16" />
    </Part>
    <Part id="3" Name="RestoreButton" TransparentMode="Alpha">
      <Position RelPos="TopRight" Scale="False" X="52" Y="7" Width="34" Height="18" />
      <State Left="0" Top="0" Width="0" Height="0" />
      <State Left="0" Top="0" Width="0" Height="0" />
      <State Left="0" Top="0" Width="0" Height="0" />
      <State Left="0" Top="0" Width="0" Height="0" />
    </Part>
    <Part id="4" Name="MinButton" TransparentMode="Alpha">
      <Position RelPos="TopRight" Scale="False" X="86" Y="7" Width="34" Height="18" />
      <State Left="0" Top="0" Width="0" Height="0" />
      <State Left="0" Top="0" Width="0" Height="0" />
      <State Left="0" Top="0" Width="0" Height="0" />
      <State Left="0" Top="0" Width="0" Height="0" />
    </Part>
    <Part id="5" Name="MaxButton" TransparentMode="Alpha">
      <Position RelPos="TopRight" Scale="False" X="52" Y="7" Width="34" Height="18" />
      <State Left="0" Top="0" Width="0" Height="0" />
      <State Left="0" Top="0" Width="0" Height="0" />
      <State Left="0" Top="0" Width="0" Height="0" />
      <State Left="0" Top="0" Width="0" Height="0" />
    </Part>
    <Part id="6" Name="CloseButton" TransparentMode="Alpha">
      <Graphic Name="AboutForm_CloseButton.png" />
      <Position RelPos="TopRight" Scale="False" X="30" Y="8" Width="24" Height="24" />
      <State Left="0" Top="0" Width="24" Height="24" />
      <State Left="24" Top="0" Width="24" Height="24" />
      <State Left="48" Top="0" Width="24" Height="24" />
      <State Left="72" Top="0" Width="24" Height="24" />
    </Part>
  </Item>
</Skin>