﻿<?xml version="1.0" encoding="UTF-8" standalone="yes"?>
<Skin>
  <Item Name="AboutFormCloseBtnVIS">
    <Part id="0" Name="Frame" TransparentMode="Alpha">
      <Graphic Name="AboutFormCloseBtnVIS.png" />
      <State Left="0" Top="0" Width="24" Height="24">
        <Margins Left="1" Top="1" Right="1" Bottom="1" />
      </State>
      <State Left="27" Top="0" Width="24" Height="24">
        <Margins Left="1" Top="1" Right="1" Bottom="1" />
      </State>
      <State Left="54" Top="0" Width="24" Height="24">
        <Margins Left="1" Top="1" Right="1" Bottom="1" />
      </State>
      <State Left="81" Top="0" Width="24" Height="24">
        <Margins Left="1" Top="1" Right="1" Bottom="1" />
      </State>
    </Part>
  </Item>
</Skin>