﻿<?xml version="1.0" encoding="UTF-8" standalone="yes"?>
<Skin>
  <Item Name="AboutGlyph">
    <Part id="0" Name="Frame" FillMode="stretch" TransparentMode="Alpha">
      <Graphic Name="AboutGlyph_Frame.png" />
      <State Left="0" Top="0" Width="30" Height="30" />
      <State Left="30" Top="0" Width="30" Height="30" />
      <State Left="60" Top="0" Width="30" Height="30" />
      <State Left="90" Top="0" Width="30" Height="30" />
    </Part>
    <Part id="1" Name="MiddleSmall" TransparentMode="Alpha">
      <Graphic Name="AboutGlyph_MiddleSmall.png" />
      <State Left="0" Top="0" Width="16" Height="16" />
      <State Left="0" Top="0" Width="16" Height="16" />
      <State Left="0" Top="0" Width="16" Height="16" />
      <State Left="16" Top="0" Width="16" Height="16" />
    </Part>
  </Item>
</Skin>