﻿<?xml version="1.0" encoding="UTF-8" standalone="yes"?>
<Skin>
  <Item Name="AboutFormVIS">
    <Part id="0" Name="Form" TransparentMode="Alpha">
      <Graphic Name="AboutFormVIS.png" />
      <Region type="Auto" />
      <Margins Left="20" Top="2" Right="20" Bottom="28" />
      <State Left="0" Top="0" Width="54" Height="67">
        <Margins Left="23" Top="5" Right="23" Bottom="31" />
        <DestMargins Scale="True" Left="23" Top="5" Right="23" Bottom="31" />
      </State>
      <State Left="0" Top="0" Width="54" Height="67">
        <Margins Left="23" Top="5" Right="23" Bottom="31" />
        <DestMargins Scale="True" Left="23" Top="5" Right="23" Bottom="31" />
      </State>
    </Part>
  </Item>
</Skin>