﻿<?xml version="1.0" encoding="UTF-8" standalone="yes"?>
<Skin>
  <Item Name="AlignmentHorizontallyGlyph">
    <Part id="0" Name="Frame" FillMode="stretch" TransparentMode="Alpha">
      <State Left="0" Top="0" Width="0" Height="0" />
      <State Left="0" Top="0" Width="0" Height="0" />
      <State Left="0" Top="0" Width="0" Height="0" />
      <State Left="0" Top="0" Width="0" Height="0" />
    </Part>
    <Part id="1" Name="MiddleSmall" TransparentMode="Alpha">
      <Graphic Name="AlignmentHorizontallyGlyph_MiddleSmall.png" />
      <State Left="0" Top="0" Width="27" Height="18" />
      <State Left="27" Top="0" Width="27" Height="18" />
      <State Left="54" Top="0" Width="27" Height="18" />
      <State Left="81" Top="0" Width="27" Height="18" />
    </Part>
  </Item>
</Skin>