﻿<?xml version="1.0" encoding="UTF-8" standalone="yes"?>
<Skin>
  <Item Name="AllCheckedCheckBox">
    <Part id="0" Name="Checked" TransparentMode="Alpha">
      <Graphic Name="AllCheckedCheckBox_Checked.png" />
      <State Left="0" Top="0" Width="12" Height="12" />
      <State Left="12" Top="0" Width="12" Height="12" />
      <State Left="24" Top="0" Width="12" Height="12" />
      <State Left="36" Top="0" Width="12" Height="12">
        <Font Color="clGray" />
      </State>
    </Part>
    <Part id="1" Name="UnChecked" TransparentMode="Alpha">
      <Graphic Name="AllCheckedCheckBox_Checked_UnChecked.png" />
      <State Left="0" Top="0" Width="12" Height="12" />
      <State Left="12" Top="0" Width="12" Height="12" />
      <State Left="24" Top="0" Width="12" Height="12" />
      <State Left="36" Top="0" Width="12" Height="12">
        <Font Color="clGray" />
      </State>
    </Part>
  </Item>
</Skin>