﻿<?xml version="1.0" encoding="UTF-8" standalone="yes"?>
<Skin>
  <Item Name="AnnotItemBKG">
    <Part id="0" Name="Frame" FillMode="stretch" TransparentMode="Alpha">
      <Graphic Name="AnnotItemBKG.png" />
      <State Left="0" Top="0" Width="2" Height="70">
        <Margins Bottom="1" />
      </State>
      <State Left="2" Top="0" Width="2" Height="70">
        <Margins Bottom="1" />
      </State>
      <State Left="4" Top="0" Width="2" Height="70">
        <Margins Bottom="1" />
      </State>
      <State Left="0" Top="0" Width="0" Height="0" />
    </Part>
  </Item>
</Skin>