﻿<?xml version="1.0" encoding="UTF-8" standalone="yes"?>
<Skin>
  <Item Name="AttachItemBKG">
    <Part id="0" Name="Frame" FillMode="stretch" TransparentMode="Alpha">
      <Graphic Name="AttachItemBKG_Frame.png" />
      <State Left="0" Top="0" Width="50" Height="30">
        <Margins Left="2" Top="2" Right="2" Bottom="2" />
      </State>
      <State Left="50" Top="0" Width="50" Height="30">
        <Margins Left="2" Top="2" Right="2" Bottom="2" />
      </State>
      <State Left="100" Top="0" Width="50" Height="30">
        <Margins Left="2" Top="2" Right="2" Bottom="2" />
      </State>
      <State Left="150" Top="0" Width="50" Height="30">
        <Margins Left="2" Top="2" Right="2" Bottom="2" />
      </State>
    </Part>
  </Item>
</Skin>