﻿<?xml version="1.0" encoding="UTF-8" standalone="yes"?>
<Skin>
  <Item Name="BackGroundGlyph">
    <Part id="0" Name="Frame" FillMode="stretch" TransparentMode="Alpha">
      <Graphic Name="BackGroundGlyph.png" />
      <State Left="0" Top="0" Width="42" Height="30" />
      <State Left="42" Top="0" Width="42" Height="30" />
      <State Left="84" Top="0" Width="42" Height="30">
        <Font Color="0xffb03f2e" />
      </State>
      <State Left="126" Top="0" Width="42" Height="30" />
    </Part>
  </Item>
</Skin>