﻿<?xml version="1.0" encoding="UTF-8" standalone="yes"?>
<Skin>
  <Item Name="BatchButtonBackground">
    <Part id="0" Name="Frame" FillMode="stretch" TransparentMode="Alpha">
      <Graphic Name="BatchButtonBackground.png" />
      <State Left="0" Top="0" Width="60" Height="20">
        <Margins Left="1" Top="1" Right="2" Bottom="1" />
      </State>
      <State Left="60" Top="0" Width="60" Height="20">
        <Margins Left="1" Top="1" Right="1" Bottom="1" />
      </State>
      <State Left="120" Top="0" Width="60" Height="20">
        <Margins Left="1" Top="1" Right="1" Bottom="1" />
      </State>
    </Part>
  </Item>
</Skin>