﻿<?xml version="1.0" encoding="UTF-8" standalone="yes"?>
<Skin>
  <Item Name="BorderComboBox">
    <Part id="0" Name="Frame" TransparentMode="Alpha">
      <Graphic Name="BorderComboBox_Frame.png" />
      <State Left="0" Top="0" Width="26" Height="9">
        <Margins Left="2" Top="2" Right="2" Bottom="2" />
      </State>
      <State Left="26" Top="0" Width="25" Height="9">
        <Margins Left="2" Top="2" Right="2" Bottom="2" />
      </State>
      <State Left="0" Top="0" Width="26" Height="9">
        <Margins Left="2" Top="2" Right="2" Bottom="2" />
      </State>
      <State Left="51" Top="0" Width="25" Height="9">
        <Margins Left="2" Top="2" Right="2" Bottom="2" />
      </State>
    </Part>
    <Part id="1" Name="Button" TransparentMode="Alpha">
      <State Left="0" Top="0" Width="0" Height="0" />
      <State Left="0" Top="0" Width="0" Height="0" />
      <State Left="0" Top="0" Width="0" Height="0" />
      <State Left="0" Top="0" Width="0" Height="0" />
    </Part>
    <Part id="2" Name="ButtonGlyph" TransparentMode="Alpha">
      <Graphic Name="BorderComboBox_ButtonGlyph.png" />
      <State Left="0" Top="0" Width="9" Height="6" />
      <State Left="9" Top="0" Width="9" Height="6" />
      <State Left="18" Top="0" Width="9" Height="6" />
      <State Left="18" Top="0" Width="9" Height="6" />
    </Part>
  </Item>
</Skin>