﻿<?xml version="1.0" encoding="UTF-8" standalone="yes"?>
<Skin>
  <Item Name="BtnHideRibbonBKG">
    <Part id="0" Name="Normal" TransparentMode="Alpha">
      <Graphic Name="BtnHideRibbonBKG_Normal.png" />
      <State Left="0" Top="0" Width="0" Height="0" />
      <State Left="0" Top="0" Width="17" Height="16">
        <Margins Left="8" Top="8" Right="8" Bottom="7" />
      </State>
      <State Left="17" Top="0" Width="17" Height="16">
        <Margins Left="8" Top="8" Right="8" Bottom="7" />
      </State>
      <State Left="0" Top="0" Width="0" Height="0" />
    </Part>
    <Part id="1" Name="Checked" TransparentMode="Alpha">
      <Graphic Name="BtnHideRibbonBKG_Normal.png" />
      <State Left="0" Top="0" Width="0" Height="0" />
      <State Left="0" Top="0" Width="17" Height="16">
        <Margins Left="8" Top="8" Right="8" Bottom="7" />
      </State>
      <State Left="17" Top="0" Width="17" Height="16">
        <Margins Left="8" Top="8" Right="8" Bottom="7" />
      </State>
      <State Left="0" Top="0" Width="0" Height="0" />
    </Part>
  </Item>
</Skin>