﻿<?xml version="1.0" encoding="UTF-8" standalone="yes"?>
<Skin>
  <Item Name="BtnSubPreviewSelected">
    <Part id="0" Name="Frame" FillMode="stretch" TransparentMode="Alpha">
      <Graphic Name="BtnSubPreviewSelected.png" />
      <State Left="0" Top="0" Width="40" Height="20">
        <Margins Left="3" Top="4" Right="3" />
      </State>
      <State Left="40" Top="0" Width="40" Height="20">
        <Margins Left="3" Top="3" Right="3" />
      </State>
      <State Left="80" Top="0" Width="40" Height="20">
        <Margins Left="3" Top="3" Right="3" />
      </State>
      <State Left="80" Top="0" Width="40" Height="20">
        <Margins Left="3" Top="3" Right="3" />
        <Font Color="clGray" />
      </State>
    </Part>
  </Item>
</Skin>