﻿<?xml version="1.0" encoding="UTF-8" standalone="yes"?>
<Skin>
  <Item Name="ButtonReflash">
    <Part id="0" Name="Frame" FillMode="stretch" TransparentMode="Alpha">
      <Graphic Name="ButtonReflash.png" />
      <State Left="0" Top="0" Width="30" Height="32">
        <Margins Left="4" Top="4" Right="4" Bottom="4" />
      </State>
      <State Left="31" Top="0" Width="30" Height="32">
        <Margins Left="4" Top="4" Right="5" Bottom="5" />
      </State>
      <State Left="62" Top="0" Width="30" Height="32">
        <Margins Left="5" Top="4" Right="4" Bottom="5" />
      </State>
      <State Left="62" Top="0" Width="30" Height="32">
        <Margins Left="2" Top="2" Right="2" Bottom="2" />
        <Font Color="clGray" />
      </State>
    </Part>
  </Item>
</Skin>