﻿<?xml version="1.0" encoding="UTF-8" standalone="yes"?>
<Skin>
  <Item Name="ButtonTransparent">
    <Part id="0" Name="Frame" TransparentMode="Alpha">
      <Graphic Name="ButtonTransparent_Frame.png" />
      <State Left="0" Top="0" Width="32" Height="32">
        <Margins Left="9" Top="7" Right="11" Bottom="8" />
      </State>
      <State Left="32" Top="0" Width="32" Height="32">
        <Margins Left="9" Top="7" Right="11" Bottom="8" />
      </State>
      <State Left="64" Top="0" Width="32" Height="32">
        <Margins Left="9" Top="7" Right="11" Bottom="8" />
      </State>
      <State Left="96" Top="0" Width="32" Height="32">
        <Margins Left="9" Top="7" Right="11" Bottom="8" />
      </State>
    </Part>
  </Item>
</Skin>