﻿<?xml version="1.0" encoding="UTF-8" standalone="yes"?>
<Skin>
  <Item Name="ButtonBuyNow">
    <Part id="0" Name="Frame" FillMode="stretch" TransparentMode="Alpha">
      <Graphic Name="ButtonBuyNow.png" />
      <State Left="0" Top="0" Width="100" Height="26">
        <Font Color="clWhite" />
      </State>
      <State Left="100" Top="0" Width="100" Height="26">
        <Font Color="clWhite" />
      </State>
      <State Left="200" Top="0" Width="100" Height="26">
        <Font Color="clWhite" />
      </State>
      <State Left="200" Top="0" Width="100" Height="26">
        <Font Color="0xffd0d6fc" />
      </State>
    </Part>
  </Item>
</Skin>