﻿<?xml version="1.0" encoding="UTF-8" standalone="yes"?>
<Skin>
  <Item Name="ButtonSecondary">
    <Part id="0" Name="Frame" FillMode="stretch" TransparentMode="Alpha">
      <Graphic Name="ButtonSecondary.png" />
      <Font Color="0xfffd5b43" />
      <State Left="0" Top="0" Width="40" Height="28">
        <Margins Left="3" Top="3" Right="3" Bottom="3" />
        <Font Color="0xffff694e" />
      </State>
      <State Left="40" Top="0" Width="40" Height="28">
        <Margins Left="3" Top="3" Right="3" Bottom="3" />
        <Font Color="0xffff694e" />
      </State>
      <State Left="80" Top="0" Width="40" Height="28">
        <Margins Left="3" Top="3" Right="3" Bottom="3" />
        <Font Color="0xffff694e" />
      </State>
      <State Left="120" Top="0" Width="40" Height="28">
        <Margins Left="3" Top="3" Right="3" Bottom="3" />
        <Font Color="clWhite" />
      </State>
    </Part>
  </Item>
</Skin>