﻿<?xml version="1.0" encoding="UTF-8" standalone="yes"?>
<Skin>
  <Item Name="ButtonFindPreBtn">
    <Part id="0" Name="Frame" FillMode="stretch" TransparentMode="Alpha">
      <Graphic Name="ButtonFindPreBtn.png" />
      <State Left="0" Top="0" Width="30" Height="30">
        <Margins Left="2" Top="2" Right="2" Bottom="2" />
      </State>
      <State Left="30" Top="0" Width="30" Height="30">
        <Margins Left="2" Top="2" Right="2" Bottom="2" />
      </State>
      <State Left="60" Top="0" Width="30" Height="30">
        <Margins Left="2" Top="2" Right="2" Bottom="2" />
      </State>
      <State Left="90" Top="0" Width="30" Height="30">
        <Margins Left="2" Top="2" Right="2" Bottom="2" />
      </State>
    </Part>
  </Item>
</Skin>