﻿<?xml version="1.0" encoding="UTF-8" standalone="yes"?>
<Skin>
  <Item Name="ButtonOrange">
    <Part id="0" Name="Frame" TransparentMode="Alpha">
      <Graphic Name="ButtonOrange.png" />
      <State Left="0" Top="0" Width="95" Height="30">
        <Margins Left="4" Top="2" Right="4" Bottom="4" />
      </State>
      <State Left="95" Top="0" Width="95" Height="30">
        <Margins Left="4" Top="2" Right="4" Bottom="4" />
      </State>
      <State Left="190" Top="0" Width="95" Height="30">
        <Margins Left="4" Top="2" Right="4" Bottom="4" />
      </State>
      <State Left="0" Top="0" Width="95" Height="30">
        <Margins Left="2" Top="2" Right="2" Bottom="3" />
      </State>
    </Part>
  </Item>
</Skin>