﻿<?xml version="1.0" encoding="UTF-8" standalone="yes"?>
<Skin>
  <Item Name="ButtonRegister">
    <Part id="0" Name="Frame" FillMode="stretch" TransparentMode="Alpha">
      <Graphic Name="ButtonRegister.png" />
      <State Left="0" Top="0" Width="100" Height="26">
        <Margins Left="1" Top="1" Right="1" Bottom="1" />
        <Font Color="clWhite" />
      </State>
      <State Left="100" Top="0" Width="100" Height="26">
        <Margins Left="1" Top="1" Right="1" Bottom="1" />
        <Font Color="clWhite" />
      </State>
      <State Left="200" Top="0" Width="100" Height="26">
        <Margins Left="1" Top="1" Right="1" Bottom="1" />
        <Font Color="clWhite" />
      </State>
      <State Left="200" Top="0" Width="100" Height="26">
        <Margins Left="1" Top="1" Right="1" Bottom="1" />
        <Font Color="0xffd1c1bf" />
      </State>
    </Part>
  </Item>
</Skin>