﻿<?xml version="1.0" encoding="UTF-8" standalone="yes"?>
<Skin>
  <Item Name="Button">
    <Part id="0" Name="Frame" FillMode="stretch" TransparentMode="Alpha">
      <Graphic Name="Button.png" />
      <Font Color="0xfffd5b43" />
      <State Left="0" Top="0" Width="40" Height="28">
        <Margins Left="6" Top="6" Right="6" Bottom="6" />
        <Font Color="0xff222222" />
      </State>
      <State Left="40" Top="0" Width="40" Height="28">
        <Margins Left="6" Top="6" Right="6" Bottom="6" />
        <Font Color="0xff222222" />
      </State>
      <State Left="80" Top="0" Width="40" Height="28">
        <Margins Left="6" Top="6" Right="6" Bottom="6" />
        <Font Color="0xff222222" />
      </State>
      <State Left="120" Top="0" Width="40" Height="28">
        <Margins Left="6" Top="6" Right="6" Bottom="6" />
        <Font Color="clWhite" />
      </State>
    </Part>
  </Item>
</Skin>