﻿<?xml version="1.0" encoding="UTF-8" standalone="yes"?>
<Skin>
  <Item Name="ButtonBlue2">
    <Part id="0" Name="Frame" TransparentMode="Alpha">
      <Graphic Name="ButtonBlue2.png" />
      <State Left="0" Top="0" Width="20" Height="20">
        <Margins Left="4" Top="2" Right="4" Bottom="4" />
      </State>
      <State Left="20" Top="0" Width="20" Height="20">
        <Margins Left="2" Top="1" Right="3" Bottom="2" />
      </State>
      <State Left="40" Top="0" Width="20" Height="20">
        <Margins Left="2" Top="1" Right="2" Bottom="1" />
      </State>
      <State Left="60" Top="0" Width="20" Height="20">
        <Margins Left="2" Top="2" Right="2" Bottom="2" />
      </State>
    </Part>
  </Item>
</Skin>