﻿<?xml version="1.0" encoding="UTF-8" standalone="yes"?>
<Skin>
  <Item Name="ButtonBatchOptimizeHighBKG">
    <Part id="0" Name="Frame" FillMode="stretch" TransparentMode="Alpha">
      <Graphic Name="ButtonBatchOptimizeHighBKG.png" />
      <State Left="0" Top="0" Width="20" Height="20">
        <Margins Left="3" Top="2" Right="1" Bottom="2" />
        <Font Color="0xff222222" />
      </State>
      <State Left="20" Top="0" Width="20" Height="20">
        <Margins Left="3" Top="1" Right="1" Bottom="1" />
        <Font Color="0xff222222" />
      </State>
      <State Left="40" Top="0" Width="20" Height="20">
        <Margins Left="3" Top="2" Right="2" Bottom="2" />
        <Font Color="clWhite" />
      </State>
    </Part>
  </Item>
</Skin>