﻿<?xml version="1.0" encoding="UTF-8" standalone="yes"?>
<Skin>
  <Item Name="BuyNowBtn">
    <Part id="0" Name="Frame" FillMode="stretch" TransparentMode="Alpha">
      <Graphic Name="BuyNowBtn.png" />
      <State Left="0" Top="0" Width="120" Height="32">
        <Margins Left="6" Top="6" Right="6" Bottom="6" />
      </State>
      <State Left="0" Top="0" Width="120" Height="32">
        <Margins Left="47" Top="9" Right="46" Bottom="10" />
      </State>
      <State Left="0" Top="0" Width="120" Height="32">
        <Margins Left="52" Top="9" Right="32" Bottom="8" />
      </State>
      <State Left="0" Top="0" Width="120" Height="32">
        <Margins Left="52" Top="9" Right="43" Bottom="8" />
      </State>
    </Part>
  </Item>
</Skin>