﻿<?xml version="1.0" encoding="UTF-8" standalone="yes"?>
<Skin>
  <Item Name="CenterBothGlyph">
    <Part id="0" Name="Frame" FillMode="stretch" TransparentMode="Alpha">
      <State Left="0" Top="0" Width="0" Height="0" />
      <State Left="0" Top="0" Width="0" Height="0" />
      <State Left="0" Top="0" Width="0" Height="0" />
      <State Left="0" Top="0" Width="0" Height="0" />
    </Part>
    <Part id="1" Name="MiddleSmall" TransparentMode="Alpha">
      <Graphic Name="CenterBothGlyph_MiddleSmall.png" />
      <State Left="0" Top="0" Width="16" Height="16" />
      <State Left="0" Top="0" Width="16" Height="16" />
      <State Left="0" Top="0" Width="16" Height="16" />
      <State Left="0" Top="17" Width="16" Height="16" />
    </Part>
  </Item>
</Skin>