﻿<?xml version="1.0" encoding="UTF-8" standalone="yes"?>
<Skin>
  <Item Name="ChargeIcon">
    <Part id="0" Name="Frame" FillMode="stretch" TransparentMode="Alpha">
      <Graphic Name="ChargeIcon.png" />
      <State Left="0" Top="0" Width="16" Height="14" />
      <State Left="17" Top="0" Width="15" Height="14" />
      <State Left="32" Top="0" Width="15" Height="14" />
      <State Left="47" Top="0" Width="15" Height="14" />
      <State Left="0" Top="0" Width="0" Height="0" />
    </Part>
  </Item>
</Skin>