﻿<?xml version="1.0" encoding="UTF-8" standalone="yes"?>
<Skin>
  <Item Name="CheckAsPressedBKG">
    <Part id="0" Name="UnChecked" TransparentMode="Alpha">
      <Graphic Name="CheckAsPressedBKG_UnChecked.png" />
      <State Left="0" Top="0" Width="0" Height="0" />
      <State Left="0" Top="0" Width="19" Height="23" />
      <State Left="19" Top="0" Width="19" Height="23" />
      <State Left="0" Top="0" Width="0" Height="0" />
    </Part>
    <Part id="1" Name="Checked" TransparentMode="Alpha">
      <Graphic Name="CheckAsPressedBKG_UnChecked.png" />
      <State Left="0" Top="0" Width="19" Height="23" />
      <State Left="19" Top="0" Width="19" Height="23" />
      <State Left="38" Top="0" Width="19" Height="23" />
      <State Left="0" Top="0" Width="0" Height="0" />
    </Part>
  </Item>
</Skin>