﻿<?xml version="1.0" encoding="UTF-8" standalone="yes"?>
<Skin>
  <Item Name="CheckBox">
    <Part id="0" Name="Checked" TransparentMode="Alpha">
      <Graphic Name="CheckBox_Checked.png" />
      <State Left="0" Top="10" Width="10" Height="10" />
      <State Left="10" Top="10" Width="10" Height="10" />
      <State Left="10" Top="10" Width="10" Height="10" />
      <State Left="20" Top="10" Width="10" Height="10">
        <Font Color="clGray" />
      </State>
    </Part>
    <Part id="1" Name="UnChecked" TransparentMode="Alpha">
      <Graphic Name="CheckBox_Checked.png" />
      <State Left="0" Top="0" Width="10" Height="10" />
      <State Left="10" Top="0" Width="10" Height="10" />
      <State Left="10" Top="0" Width="10" Height="10" />
      <State Left="20" Top="0" Width="10" Height="10">
        <Font Color="clGray" />
      </State>
    </Part>
  </Item>
</Skin>