﻿<?xml version="1.0" encoding="UTF-8" standalone="yes"?>
<Skin>
  <Item Name="CheckAsPressBtnBKG">
    <Part id="0" Name="LargeUnChecked" FillMode="stretch" TransparentMode="Alpha">
      <Graphic Name="CheckAsPressBtnBKG_LargeUnChecked.png" />
      <State Left="0" Top="0" Width="0" Height="0" />
      <State Left="0" Top="0" Width="10" Height="10" />
      <State Left="10" Top="0" Width="10" Height="10" />
      <State Left="0" Top="0" Width="0" Height="0">
        <Font Color="clGray" />
      </State>
    </Part>
    <Part id="1" Name="LargeChecked" FillMode="stretch" TransparentMode="Alpha">
      <Graphic Name="CheckAsPressBtnBKG_LargeUnChecked_LargeChecked.png" />
      <State Left="0" Top="0" Width="10" Height="10" />
      <State Left="10" Top="0" Width="10" Height="10">
        <Margins Left="1" Top="1" Right="1" Bottom="1" />
      </State>
      <State Left="20" Top="0" Width="10" Height="10">
        <Margins Left="1" Top="1" Right="1" Bottom="1" />
      </State>
      <State Left="0" Top="0" Width="0" Height="0">
        <Font Color="clGray" />
      </State>
    </Part>
    <Part id="2" Name="MiddleUnChecked" FillMode="stretch" TransparentMode="Alpha">
      <Graphic Name="CheckAsPressBtnBKG_LargeUnChecked_MiddleUnChecked.png" />
      <State Left="0" Top="0" Width="0" Height="0" />
      <State Left="0" Top="0" Width="10" Height="10" />
      <State Left="10" Top="0" Width="10" Height="10" />
      <State Left="0" Top="0" Width="0" Height="0">
        <Font Color="clGray" />
      </State>
    </Part>
    <Part id="3" Name="MiddleChecked" FillMode="stretch" TransparentMode="Alpha">
      <Graphic Name="CheckAsPressBtnBKG_LargeUnChecked_MiddleChecked.png" />
      <State Left="0" Top="0" Width="10" Height="10" />
      <State Left="10" Top="0" Width="10" Height="10">
        <Margins Left="1" Top="1" Right="1" Bottom="1" />
      </State>
      <State Left="20" Top="0" Width="10" Height="10">
        <Margins Left="1" Top="1" Right="1" Bottom="1" />
      </State>
      <State Left="0" Top="0" Width="0" Height="0">
        <Font Color="clGray" />
      </State>
    </Part>
    <Part id="4" Name="SmallUnChecked" FillMode="stretch" TransparentMode="Alpha">
      <Graphic Name="CheckAsPressBtnBKG_LargeUnChecked_SmallUnChecked.png" />
      <State Left="0" Top="0" Width="0" Height="0" />
      <State Left="0" Top="0" Width="10" Height="10" />
      <State Left="10" Top="0" Width="10" Height="10" />
      <State Left="0" Top="0" Width="0" Height="0">
        <Font Color="clGray" />
      </State>
    </Part>
    <Part id="5" Name="SmallChecked" FillMode="stretch" TransparentMode="Alpha">
      <Graphic Name="CheckAsPressBtnBKG_LargeUnChecked_SmallChecked.png" />
      <State Left="0" Top="0" Width="10" Height="10" />
      <State Left="10" Top="0" Width="10" Height="10">
        <Margins Left="1" Top="1" Right="1" Bottom="1" />
      </State>
      <State Left="20" Top="0" Width="10" Height="10">
        <Margins Left="1" Top="1" Right="1" Bottom="1" />
      </State>
      <State Left="0" Top="0" Width="0" Height="0">
        <Font Color="clGray" />
      </State>
    </Part>
  </Item>
</Skin>