﻿<?xml version="1.0" encoding="UTF-8" standalone="yes"?>
<Skin>
  <Item Name="CloseFavourite">
    <Part id="0" Name="Frame" FillMode="stretch" TransparentMode="Alpha">
      <Graphic Name="CloseFavourite.png" />
      <State Left="0" Top="0" Width="24" Height="24" />
      <State Left="25" Top="0" Width="24" Height="24" />
      <State Left="50" Top="0" Width="24" Height="24" />
      <State Left="50" Top="0" Width="24" Height="24">
        <Font Color="clGray" />
      </State>
    </Part>
  </Item>
</Skin>