﻿<?xml version="1.0" encoding="UTF-8" standalone="yes"?>
<Skin>
  <Item Name="CloudHeaderBtnBkg">
    <Part id="0" Name="Frame" TransparentMode="Alpha">
      <Graphic Name="CloudHeaderBtnBkg.png" />
      <State Left="0" Top="0" Width="7" Height="7">
        <Margins Left="1" Top="1" Right="1" Bottom="1" />
      </State>
      <State Left="7" Top="0" Width="7" Height="7">
        <Font Name="Open Sans Semibold" />
      </State>
      <State Left="14" Top="0" Width="7" Height="7" />
      <State Left="21" Top="0" Width="7" Height="7" />
    </Part>
  </Item>
</Skin>