﻿<?xml version="1.0" encoding="UTF-8" standalone="yes"?>
<Skin>
  <Item Name="ComboBox">
    <Part id="0" Name="Frame" TransparentMode="Alpha">
      <Graphic Name="ComboBox_Frame.png" />
      <Font Color="0xff222222" />
      <State Left="0" Top="0" Width="30" Height="26">
        <Margins Left="4" Top="6" Right="4" Bottom="5" />
      </State>
      <State Left="30" Top="0" Width="30" Height="26">
        <Margins Left="4" Top="6" Right="4" Bottom="5" />
      </State>
      <State Left="60" Top="0" Width="30" Height="26">
        <Margins Left="4" Top="6" Right="4" Bottom="5" />
      </State>
      <State Left="90" Top="0" Width="30" Height="26">
        <Margins Left="4" Top="6" Right="4" Bottom="5" />
      </State>
    </Part>
    <Part id="1" Name="Button" TransparentMode="Alpha">
      <State Left="0" Top="0" Width="0" Height="0" />
      <State Left="0" Top="0" Width="0" Height="0" />
      <State Left="0" Top="0" Width="0" Height="0" />
      <State Left="0" Top="0" Width="0" Height="0" />
    </Part>
    <Part id="2" Name="ButtonGlyph" TransparentMode="Alpha">
      <Graphic Name="ComboBox_ButtonGlyph.png" />
      <State Left="0" Top="0" Width="9" Height="6" />
      <State Left="9" Top="0" Width="9" Height="6" />
      <State Left="18" Top="0" Width="9" Height="6" />
      <State Left="18" Top="0" Width="9" Height="6" />
    </Part>
  </Item>
</Skin>