﻿<?xml version="1.0" encoding="UTF-8" standalone="yes"?>
<Skin>
  <Item Name="ComboTransparent">
    <Part id="0" Name="Frame" TransparentMode="Alpha">
      <State Left="0" Top="0" Width="0" Height="0" />
      <State Left="0" Top="0" Width="0" Height="0" />
      <State Left="0" Top="0" Width="0" Height="0" />
      <State Left="0" Top="0" Width="0" Height="0" />
    </Part>
    <Part id="1" Name="Button" TransparentMode="Alpha">
      <Graphic Name="ComboTransparent_Button.png" />
      <State Left="0" Top="0" Width="7" Height="20">
        <Margins Left="2" Top="2" Right="2" Bottom="2" />
      </State>
      <State Left="7" Top="0" Width="7" Height="20">
        <Margins Left="2" Top="2" Right="2" Bottom="2" />
      </State>
      <State Left="14" Top="0" Width="7" Height="20">
        <Margins Left="2" Top="2" Right="2" Bottom="2" />
      </State>
      <State Left="21" Top="0" Width="7" Height="20">
        <Margins Left="2" Top="2" Right="2" Bottom="2" />
      </State>
    </Part>
    <Part id="2" Name="ButtonGlyph" TransparentMode="Alpha">
      <Graphic Name="ComboTransparent_Button_ButtonGlyph.png" />
      <State Left="0" Top="0" Width="5" Height="3" />
      <State Left="5" Top="0" Width="5" Height="3" />
      <State Left="10" Top="0" Width="5" Height="3" />
      <State Left="15" Top="0" Width="5" Height="3" />
    </Part>
  </Item>
</Skin>