﻿<?xml version="1.0" encoding="UTF-8" standalone="yes"?>
<Skin>
  <Item Name="CommentHighlightMidGlyph">
    <Part id="0" Name="Frame" FillMode="stretch" TransparentMode="Alpha">
      <Graphic Name="CommentHighlightMidGlyph.png" />
      <State Left="0" Top="0" Width="22" Height="22" />
      <State Left="22" Top="0" Width="22" Height="22" />
      <State Left="44" Top="0" Width="22" Height="22">
        <Font Color="0xffb03f2e" />
      </State>
      <State Left="66" Top="0" Width="22" Height="22" />
    </Part>
  </Item>
</Skin>