﻿<?xml version="1.0" encoding="UTF-8" standalone="yes"?>
<Skin>
  <Item Name="CommentReplaceTextGlyph">
    <Part id="0" Name="Frame" FillMode="stretch" TransparentMode="Alpha">
      <Graphic Name="CommentReplaceTextGlyph.png" />
      <State Left="0" Top="0" Width="38" Height="30" />
      <State Left="38" Top="0" Width="38" Height="30" />
      <State Left="76" Top="0" Width="38" Height="30">
        <Font Color="0xffb03f2e" />
      </State>
      <State Left="114" Top="0" Width="38" Height="30" />
    </Part>
  </Item>
</Skin>