﻿<?xml version="1.0" encoding="UTF-8" standalone="yes"?>
<Skin>
  <Item Name="ConvetToTextGlyph">
    <Part id="0" Name="Frame" FillMode="stretch" TransparentMode="Alpha">
      <Graphic Name="ConvetToTextGlyph.png" />
      <State Left="0" Top="0" Width="15" Height="19" />
      <State Left="0" Top="0" Width="15" Height="19" />
      <State Left="0" Top="0" Width="15" Height="19">
        <Font Color="0xffb03f2e" />
      </State>
      <State Left="0" Top="0" Width="15" Height="19" />
    </Part>
  </Item>
</Skin>