﻿<?xml version="1.0" encoding="UTF-8" standalone="yes"?>
<Skin>
  <Item Name="CustomComboBox">
    <Part id="0" Name="Frame" TransparentMode="Alpha">
      <Graphic Name="CustomComboBox_Frame.png" />
      <State Left="0" Top="0" Width="30" Height="26">
        <Margins Left="3" Top="3" Right="3" Bottom="3" />
      </State>
      <State Left="30" Top="0" Width="30" Height="26">
        <Margins Left="3" Top="3" Right="3" Bottom="3" />
      </State>
      <State Left="60" Top="0" Width="30" Height="26">
        <Margins Left="3" Top="3" Right="3" Bottom="3" />
      </State>
      <State Left="90" Top="0" Width="30" Height="26">
        <Margins Left="3" Top="3" Right="3" Bottom="3" />
      </State>
    </Part>
    <Part id="1" Name="Button" TransparentMode="Alpha">
      <Graphic Name="CustomComboBox_Frame.png" />
      <State Left="0" Top="0" Width="0" Height="0" />
      <State Left="0" Top="0" Width="0" Height="0" />
      <State Left="0" Top="0" Width="0" Height="0" />
      <State Left="0" Top="0" Width="0" Height="0" />
    </Part>
    <Part id="2" Name="ButtonGlyph" TransparentMode="Alpha">
      <Graphic Name="CustomComboBox_ButtonGlyph.png" />
      <State Left="0" Top="0" Width="9" Height="6" />
      <State Left="9" Top="0" Width="9" Height="6" />
      <State Left="18" Top="0" Width="9" Height="6" />
      <State Left="18" Top="0" Width="9" Height="6" />
    </Part>
  </Item>
</Skin>