﻿<?xml version="1.0" encoding="UTF-8" standalone="yes"?>
<Skin>
  <Item Name="CustomShoppingPriceItem">
    <Part id="0" Name="Frame" FillMode="stretch" TransparentMode="Alpha">
      <Graphic Name="CustomShoppingPriceItem.png" />
      <State Left="0" Top="0" Width="30" Height="30">
        <Margins Left="4" Top="4" Right="4" Bottom="4" />
      </State>
      <State Left="30" Top="0" Width="30" Height="30">
        <Margins Left="4" Top="4" Right="4" Bottom="4" />
      </State>
      <State Left="60" Top="0" Width="30" Height="30">
        <Margins Left="4" Top="4" Right="15" Bottom="15" />
      </State>
    </Part>
  </Item>
</Skin>