﻿<?xml version="1.0" encoding="UTF-8" standalone="yes"?>
<Skin>
  <Item Name="CustomButton">
    <Part id="0" Name="Frame" FillMode="stretch" TransparentMode="Alpha">
      <Graphic Name="CustomButton.png" />
      <State Left="0" Top="0" Width="20" Height="15">
        <Margins Left="1" Top="1" Right="1" Bottom="1" />
      </State>
      <State Left="20" Top="0" Width="20" Height="15" />
      <State Left="40" Top="0" Width="20" Height="15" />
      <State Left="0" Top="0" Width="0" Height="0">
        <Margins Left="1" Right="1" />
      </State>
    </Part>
  </Item>
</Skin>