﻿<?xml version="1.0" encoding="UTF-8" standalone="yes"?>
<Skin>
  <Item Name="CustomizeTitleForm">
    <Part id="0" Name="Form" TransparentMode="Alpha">
      <Graphic Name="CustomizeTitleForm_Form.png" />
      <Region type="Auto" />
      <Margins Left="1" Top="1" Right="1" Bottom="1" />
      <State Left="0" Top="0" Width="20" Height="80">
        <Margins Left="2" Top="30" Right="2" Bottom="2" />
        <DestMargins Scale="True" Left="2" Top="30" Right="2" Bottom="2" />
      </State>
      <State Left="20" Top="0" Width="20" Height="80">
        <Margins Left="2" Top="30" Right="2" Bottom="2" />
        <DestMargins Scale="True" Left="2" Top="30" Right="2" Bottom="2" />
      </State>
    </Part>
    <Part id="1" Name="Caption" Visible="False">
      <Position RelPos="Top" Scale="False" X="26" Y="3" X2="26" Height="20" />
      <State Left="0" Top="0" Width="0" Height="0">
        <Font Size="9.75" Color="clWhite" />
      </State>
      <State Left="0" Top="0" Width="0" Height="0">
        <Font Size="9.75" Color="clWhite" />
      </State>
    </Part>
    <Part id="2" Name="Icon">
      <Position RelPos="TopLeft" Scale="False" X="6" Y="6" Width="16" Height="16" />
    </Part>
    <Part id="3" Name="RestoreButton" TransparentMode="Alpha">
      <Position RelPos="TopRight" Scale="False" X="35" Y="5" Width="25" Height="23" />
      <State Left="0" Top="0" Width="0" Height="0" />
      <State Left="0" Top="0" Width="0" Height="0" />
      <State Left="0" Top="0" Width="0" Height="0" />
      <State Left="0" Top="0" Width="0" Height="0" />
    </Part>
    <Part id="4" Name="MinButton" TransparentMode="Alpha">
      <Graphic Name="CustomizeTitleForm_Form_MinButton.png" />
      <Position RelPos="TopRight" Scale="False" X="30" Y="5" Width="20" Height="20" />
      <State Left="0" Top="0" Width="20" Height="20" />
      <State Left="20" Top="0" Width="20" Height="20" />
      <State Left="40" Top="0" Width="20" Height="20" />
      <State Left="60" Top="0" Width="20" Height="20" />
    </Part>
    <Part id="5" Name="MaxButton" TransparentMode="Alpha">
      <Position RelPos="TopRight" Scale="False" X="35" Y="5" Width="25" Height="23" />
      <State Left="0" Top="0" Width="0" Height="0" />
      <State Left="0" Top="0" Width="0" Height="0" />
      <State Left="0" Top="0" Width="0" Height="0" />
      <State Left="0" Top="0" Width="0" Height="0" />
    </Part>
    <Part id="6" Name="CloseButton" TransparentMode="Alpha">
      <Graphic Name="CustomizeTitleForm_Form_CloseButton.png" />
      <Position RelPos="TopRight" Scale="False" X="5" Y="5" Width="20" Height="20" />
      <State Left="0" Top="0" Width="20" Height="20" />
      <State Left="20" Top="0" Width="20" Height="20" />
      <State Left="40" Top="0" Width="20" Height="20" />
      <State Left="60" Top="0" Width="20" Height="20" />
    </Part>
  </Item>
</Skin>