﻿<?xml version="1.0" encoding="UTF-8" standalone="yes"?>
<Skin>
  <Item Name="CustomShoppingReloadBtn">
    <Part id="0" Name="Frame" FillMode="stretch" TransparentMode="Alpha">
      <Graphic Name="CustomShoppingReloadBtn.png" />
      <State Left="0" Top="0" Width="14" Height="10">
        <Margins Left="2" Top="2" Right="2" Bottom="2" />
      </State>
      <State Left="14" Top="0" Width="14" Height="10">
        <Margins Left="2" Top="2" Right="2" Bottom="2" />
      </State>
      <State Left="28" Top="0" Width="14" Height="10">
        <Margins Left="2" Top="2" Right="2" Bottom="2" />
      </State>
    </Part>
  </Item>
</Skin>