﻿<?xml version="1.0" encoding="UTF-8" standalone="yes"?>
<Skin>
  <Item Name="CustomShoppingEditionBtn">
    <Part id="0" Name="Frame" FillMode="stretch" TransparentMode="Alpha">
      <Graphic Name="CustomShoppingEditionBtn.png" />
      <State Left="0" Top="0" Width="40" Height="28">
        <Margins Left="2" Top="2" Right="2" Bottom="2" />
        <Font Color="0xff666666" />
      </State>
      <State Left="40" Top="0" Width="40" Height="28">
        <Margins Left="2" Top="2" Right="2" Bottom="2" />
        <Font Color="0xff6074f3" />
      </State>
      <State Left="80" Top="0" Width="40" Height="28">
        <Margins Left="2" Top="2" Right="2" Bottom="2" />
        <Font Color="0xff6074f3" />
      </State>
    </Part>
  </Item>
</Skin>