﻿<?xml version="1.0" encoding="UTF-8" standalone="yes"?>
<Skin>
  <Item Name="DefaultDropDownItemBkg">
    <Part id="0" Name="Frame" TransparentMode="Alpha">
      <Graphic Name="DefaultDropDownItemBkg.png" />
      <State Left="0" Top="0" Width="0" Height="0" />
      <State Left="0" Top="0" Width="5" Height="5">
        <Font Color="clWhite" />
      </State>
      <State Left="0" Top="0" Width="5" Height="5" />
      <State Left="0" Top="0" Width="0" Height="0" />
    </Part>
  </Item>
</Skin>