﻿<?xml version="1.0" encoding="UTF-8" standalone="yes"?>
<Skin>
  <Item Name="DeleteButton">
    <Part id="0" Name="Frame" FillMode="stretch" TransparentMode="Alpha">
      <Graphic Name="DeleteButton_Frame.png" />
      <State Left="0" Top="0" Width="0" Height="0" />
      <State Left="0" Top="0" Width="13" Height="13">
        <Margins Left="5" Top="6" Right="7" Bottom="6" />
      </State>
      <State Left="13" Top="0" Width="13" Height="13">
        <Margins Left="5" Top="6" Right="7" Bottom="6" />
      </State>
      <State Left="26" Top="0" Width="13" Height="13">
        <Margins Left="5" Top="6" Right="7" Bottom="6" />
      </State>
    </Part>
  </Item>
</Skin>