﻿<?xml version="1.0" encoding="UTF-8" standalone="yes"?>
<Skin>
  <Item Name="DocTabControl">
    <Part id="0" Name="Frame" TransparentMode="Alpha">
      <State Left="0" Top="0" Width="0" Height="0" />
    </Part>
    <Part id="1" Name="TabButton" TransparentMode="Alpha">
      <Graphic Name="DocTabControl_TabButton.png" />
      <State Left="0" Top="0" Width="173" Height="28">
        <Margins Left="4" Top="1" Right="5" Bottom="4" />
        <Font Color="clRed" />
      </State>
      <State Left="0" Top="0" Width="173" Height="28">
        <Margins Left="4" Right="4" />
      </State>
      <State Left="173" Top="0" Width="173" Height="28">
        <Margins Left="4" Right="4" Bottom="2" />
      </State>
      <State Left="0" Top="0" Width="172" Height="27">
        <Margins Left="4" Right="4" Bottom="1" />
      </State>
    </Part>
    <Part id="2" Name="Header" TransparentMode="Alpha">
      <Graphic Name="DocTabControl_Header.png" />
      <State Left="0" Top="0" Width="8" Height="2">
        <Margins Left="1" Right="1" Bottom="1" />
      </State>
    </Part>
    <Part id="3" Name="Gap" TransparentMode="Alpha">
      <State Left="0" Top="0" Width="0" Height="0" />
      <State Left="0" Top="0" Width="0" Height="0" />
    </Part>
    <Part id="4" Name="DropDownButton" TransparentMode="Alpha">
      <Graphic Name="DocTabControl_DropDownButton.png" />
      <State Left="0" Top="0" Width="0" Height="0" />
      <State Left="0" Top="0" Width="17" Height="16">
        <Margins Left="8" Top="7" Right="8" Bottom="8" />
      </State>
      <State Left="17" Top="0" Width="17" Height="16">
        <Margins Left="8" Top="7" Right="8" Bottom="8" />
      </State>
      <State Left="0" Top="0" Width="0" Height="0" />
    </Part>
    <Part id="5" Name="DropDownButtonGlyph" TransparentMode="Alpha">
      <Graphic Name="DocTabControl_DropDownButtonGlyph.png" />
      <State Left="0" Top="0" Width="7" Height="6" />
    </Part>
    <Part id="6" Name="TabCloseButton" TransparentMode="Alpha">
      <Graphic Name="DocTabControl_TabCloseButton.png" />
      <State Left="0" Top="0" Width="12" Height="12" />
      <State Left="12" Top="0" Width="12" Height="12" />
      <State Left="24" Top="0" Width="12" Height="12" />
    </Part>
    <Part id="7" Name="TabCloseButtonGlyph" TransparentMode="Alpha">
      <State Left="86" Top="254" Width="-86" Height="-254" />
      <State Left="102" Top="254" Width="-2" Height="-154">
        <Margins Left="-1" Top="-153" Right="-1" Bottom="-153" />
      </State>
      <State Left="118" Top="254" Width="10" Height="10" />
    </Part>
  </Item>
</Skin>