﻿<?xml version="1.0" encoding="UTF-8" standalone="yes"?>
<Skin>
  <Item Name="EditAlignLeftGlyph">
    <Part id="0" Name="Frame" FillMode="stretch" TransparentMode="Alpha">
      <State Left="0" Top="0" Width="0" Height="0" />
      <State Left="0" Top="0" Width="0" Height="0" />
      <State Left="0" Top="0" Width="0" Height="0" />
      <State Left="0" Top="0" Width="0" Height="0" />
    </Part>
    <Part id="1" Name="Frame" FillMode="stretch" TransparentMode="Alpha">
      <Graphic Name="EditAlignLeftGlyph_1.png" />
      <State Left="0" Top="0" Width="18" Height="12" />
      <State Left="18" Top="0" Width="18" Height="12" />
      <State Left="36" Top="0" Width="18" Height="12">
        <Font Color="0xffb03f2e" />
      </State>
      <State Left="54" Top="0" Width="18" Height="12" />
    </Part>
  </Item>
</Skin>