﻿<?xml version="1.0" encoding="UTF-8" standalone="yes"?>
<Skin>
  <Item Name="EditLineSpacingGlyph">
    <Part id="0" Name="Frame" FillMode="stretch" TransparentMode="Alpha">
      <State Left="0" Top="0" Width="0" Height="0" />
      <State Left="0" Top="0" Width="0" Height="0" />
      <State Left="0" Top="0" Width="0" Height="0" />
      <State Left="0" Top="0" Width="0" Height="0" />
    </Part>
    <Part id="1" Name="Frame" FillMode="stretch" TransparentMode="Alpha">
      <Graphic Name="EditLineSpacingGlyph_1.png" />
      <State Left="0" Top="0" Width="30" Height="14" />
      <State Left="30" Top="0" Width="30" Height="14" />
      <State Left="60" Top="0" Width="30" Height="14">
        <Font Color="0xffb03f2e" />
      </State>
      <State Left="90" Top="0" Width="30" Height="14" />
    </Part>
  </Item>
</Skin>