﻿<?xml version="1.0" encoding="UTF-8" standalone="yes"?>
<Skin>
  <Item Name="EditRotateRight">
    <Part id="0" Name="Frame" FillMode="stretch" TransparentMode="Alpha">
      <Graphic Name="EditRotateRight_Frame.png" />
      <State Left="0" Top="0" Width="30" Height="22" />
      <State Left="30" Top="0" Width="30" Height="22" />
      <State Left="60" Top="0" Width="30" Height="22" />
      <State Left="90" Top="0" Width="30" Height="22" />
      <State Left="120" Top="0" Width="30" Height="22" />
    </Part>
  </Item>
</Skin>