﻿<?xml version="1.0" encoding="UTF-8" standalone="yes"?>
<Skin>
  <Item Name="EditWithPencil">
    <Part id="0" Name="Frame" TransparentMode="Alpha">
      <Graphic Name="EditWithPencil.png" />
      <State Left="0" Top="0" Width="148" Height="22">
        <Margins Right="11" Bottom="17" />
      </State>
      <State Left="150" Top="0" Width="148" Height="22">
        <Margins Right="11" Bottom="17" />
      </State>
      <State Left="300" Top="0" Width="148" Height="22">
        <Margins Right="11" Bottom="17" />
      </State>
      <State Left="450" Top="0" Width="148" Height="22">
        <Margins Right="11" Bottom="17" />
      </State>
    </Part>
  </Item>
</Skin>