﻿<?xml version="1.0" encoding="UTF-8" standalone="yes"?>
<Skin>
  <Item Name="EditNoBorder">
    <Part id="0" Name="Frame" TransparentMode="Alpha">
      <Graphic Name="EditNoBorder_Frame.png" />
      <State Left="0" Top="0" Width="0" Height="0" />
      <State Left="0" Top="0" Width="16" Height="22">
        <Margins Left="1" Top="1" Right="1" Bottom="1" />
      </State>
      <State Left="16" Top="0" Width="16" Height="22">
        <Margins Left="1" Top="1" Right="1" Bottom="1" />
      </State>
      <State Left="0" Top="0" Width="0" Height="0" />
    </Part>
  </Item>
</Skin>