﻿<?xml version="1.0" encoding="UTF-8" standalone="yes"?>
<Skin>
  <Item Name="EditItalicGlyph">
    <Part id="0" Name="Frame" FillMode="stretch" TransparentMode="Alpha">
      <Graphic Name="EditItalicGlyph_Frame.png" />
      <State Left="0" Top="0" Width="14" Height="14" />
      <State Left="0" Top="0" Width="14" Height="14" />
      <State Left="0" Top="0" Width="14" Height="14" />
      <State Left="0" Top="0" Width="14" Height="14" />
    </Part>
    <Part id="1" Name="Frame" FillMode="stretch" TransparentMode="Alpha">
      <Graphic Name="EditItalicGlyph_Frame.png" />
      <State Left="0" Top="0" Width="14" Height="14" />
      <State Left="0" Top="0" Width="14" Height="14" />
      <State Left="0" Top="0" Width="14" Height="14" />
      <State Left="0" Top="0" Width="14" Height="14" />
    </Part>
  </Item>
</Skin>