﻿<?xml version="1.0" encoding="UTF-8" standalone="yes"?>
<Skin>
  <Item Name="EditLine">
    <Part id="0" Name="Frame" TransparentMode="Alpha">
      <Graphic Name="EditLine.png" />
      <State Left="0" Top="0" Width="25" Height="25">
        <Margins Left="17" Bottom="18" />
      </State>
      <State Left="27" Top="0" Width="25" Height="25">
        <Margins Left="17" Bottom="18" />
      </State>
      <State Left="54" Top="0" Width="25" Height="25">
        <Margins Left="17" Bottom="18" />
      </State>
      <State Left="81" Top="0" Width="25" Height="25">
        <Margins Left="17" Bottom="18" />
      </State>
    </Part>
  </Item>
</Skin>