﻿<?xml version="1.0" encoding="UTF-8" standalone="yes"?>
<Skin>
  <Item Name="EditStrikeoutGlyph">
    <Part id="0" Name="Frame" FillMode="stretch" TransparentMode="Alpha">
      <State Left="0" Top="0" Width="0" Height="0" />
      <State Left="0" Top="0" Width="0" Height="0" />
      <State Left="0" Top="0" Width="0" Height="0" />
      <State Left="0" Top="0" Width="0" Height="0" />
    </Part>
    <Part id="1" Name="Frame" FillMode="stretch" TransparentMode="Alpha">
      <Graphic Name="EditStrikeoutGlyph_1.png" />
      <State Left="0" Top="0" Width="36" Height="22" />
      <State Left="37" Top="0" Width="36" Height="22" />
      <State Left="73" Top="0" Width="36" Height="22">
        <Font Color="0xffb03f2e" />
      </State>
      <State Left="109" Top="0" Width="36" Height="22" />
    </Part>
  </Item>
</Skin>