﻿<?xml version="1.0" encoding="UTF-8" standalone="yes"?>
<Skin>
  <Item Name="EditFontZoomInGlyph">
    <Part id="0" Name="Frame" FillMode="stretch" TransparentMode="Alpha">
      <Graphic Name="EditFontZoomInGlyph_Frame.png" />
      <State Left="0" Top="0" Width="26" Height="22" />
      <State Left="26" Top="0" Width="26" Height="22" />
      <State Left="52" Top="0" Width="26" Height="22" />
      <State Left="78" Top="0" Width="26" Height="22" />
    </Part>
    <Part id="1" Name="Frame" FillMode="stretch" TransparentMode="Alpha">
      <Graphic Name="EditFontZoomInGlyph_Frame.png" />
      <State Left="0" Top="0" Width="26" Height="22" />
      <State Left="26" Top="0" Width="26" Height="22" />
      <State Left="52" Top="0" Width="26" Height="22">
        <Font Color="0xffb03f2e" />
      </State>
      <State Left="78" Top="0" Width="26" Height="22" />
    </Part>
  </Item>
</Skin>