﻿<?xml version="1.0" encoding="UTF-8" standalone="yes"?>
<Skin>
  <Item Name="EditFillet">
    <Part id="0" Name="Frame" TransparentMode="Alpha">
      <Graphic Name="EditFillet.png" />
      <State Left="0" Top="0" Width="40" Height="24">
        <Margins Left="4" Top="4" Right="4" Bottom="4" />
      </State>
      <State Left="0" Top="0" Width="40" Height="24">
        <Margins Left="4" Top="4" Right="4" Bottom="4" />
      </State>
      <State Left="0" Top="0" Width="40" Height="24">
        <Margins Left="4" Top="4" Right="4" Bottom="4" />
      </State>
      <State Left="0" Top="0" Width="40" Height="24">
        <Margins Left="4" Top="4" Right="4" Bottom="4" />
      </State>
    </Part>
  </Item>
</Skin>