﻿<?xml version="1.0" encoding="UTF-8" standalone="yes"?>
<Skin>
  <Item Name="EditWordSpacingGlyph">
    <Part id="0" Name="Frame" FillMode="stretch" TransparentMode="Alpha">
      <State Left="0" Top="0" Width="0" Height="0" />
      <State Left="0" Top="0" Width="0" Height="0" />
      <State Left="0" Top="0" Width="0" Height="0" />
      <State Left="0" Top="0" Width="0" Height="0" />
    </Part>
    <Part id="1" Name="Frame" FillMode="stretch" TransparentMode="Alpha">
      <Graphic Name="EditWordSpacingGlyph_1.png" />
      <State Left="0" Top="0" Width="30" Height="22" />
      <State Left="30" Top="0" Width="30" Height="22" />
      <State Left="60" Top="0" Width="30" Height="22">
        <Font Color="0xffb03f2e" />
      </State>
      <State Left="90" Top="0" Width="30" Height="22" />
    </Part>
  </Item>
</Skin>