﻿<?xml version="1.0" encoding="UTF-8" standalone="yes"?>
<Skin>
  <Item Name="EditFontColorGlyph">
    <Part id="0" Name="Frame" FillMode="stretch" TransparentMode="Alpha">
      <State Left="0" Top="0" Width="0" Height="0" />
      <State Left="0" Top="0" Width="0" Height="0" />
      <State Left="0" Top="0" Width="0" Height="0" />
      <State Left="0" Top="0" Width="0" Height="0" />
    </Part>
    <Part id="1" Name="Frame" FillMode="stretch" TransparentMode="Alpha">
      <Graphic Name="EditFontColorGlyph_1.png" />
      <State Left="0" Top="0" Width="16" Height="18" />
      <State Left="16" Top="0" Width="16" Height="18" />
      <State Left="32" Top="0" Width="16" Height="18">
        <Font Color="0xffb03f2e" />
      </State>
      <State Left="48" Top="0" Width="16" Height="18" />
    </Part>
  </Item>
</Skin>