﻿<?xml version="1.0" encoding="UTF-8" standalone="yes"?>
<Skin>
  <Item Name="ExpandTxtBKG">
    <Part id="0" Name="Checked" TransparentMode="Alpha">
      <Graphic Name="ExpandTxtBKG_Checked.png" />
      <State Left="0" Top="0" Width="8" Height="8" />
      <State Left="8" Top="0" Width="8" Height="8" />
      <State Left="16" Top="0" Width="8" Height="8" />
      <State Left="0" Top="0" Width="0" Height="0" />
    </Part>
    <Part id="1" Name="UnChecked" TransparentMode="Alpha">
      <Graphic Name="ExpandTxtBKG_Checked_UnChecked.png" />
      <State Left="0" Top="0" Width="8" Height="8" />
      <State Left="8" Top="0" Width="8" Height="8" />
      <State Left="16" Top="0" Width="8" Height="8" />
      <State Left="0" Top="0" Width="0" Height="0" />
    </Part>
  </Item>
</Skin>