﻿<?xml version="1.0" encoding="UTF-8" standalone="yes"?>
<Skin>
  <Item Name="ExpandCheckPressedBKG">
    <Part id="0" Name="UnChecked" TransparentMode="Alpha">
      <Graphic Name="ExpandCheckPressedBKG_UnChecked.png" />
      <State Left="0" Top="0" Width="16" Height="16" />
      <State Left="18" Top="0" Width="16" Height="16" />
      <State Left="36" Top="0" Width="16" Height="16" />
      <State Left="54" Top="0" Width="16" Height="16" />
    </Part>
    <Part id="1" Name="Checked" TransparentMode="Alpha">
      <Graphic Name="ExpandCheckPressedBKG_UnChecked.png" />
      <State Left="72" Top="0" Width="16" Height="16" />
      <State Left="90" Top="0" Width="16" Height="16" />
      <State Left="108" Top="0" Width="16" Height="16" />
      <State Left="126" Top="0" Width="16" Height="16" />
    </Part>
  </Item>
</Skin>