﻿<?xml version="1.0" encoding="UTF-8" standalone="yes"?>
<Skin>
  <Item Name="FavoriteBtnPreview">
    <Part id="0" Name="Frame" FillMode="stretch" TransparentMode="Alpha">
      <Graphic Name="FavoriteBtnPreview.png" />
      <State Left="0" Top="0" Width="24" Height="24" />
      <State Left="0" Top="0" Width="24" Height="24" />
      <State Left="25" Top="0" Width="24" Height="24" />
      <State Left="-31" Top="1512" Width="32" Height="32">
        <Margins Left="6" Top="6" Right="6" Bottom="5" />
        <Font Color="clGray" />
      </State>
    </Part>
  </Item>
</Skin>