﻿<?xml version="1.0" encoding="UTF-8" standalone="yes"?>
<Skin>
  <Item Name="FilePermissionGlyph">
    <Part id="0" Name="PermissionOk" FillMode="stretch" TransparentMode="Alpha">
      <Graphic Name="FilePermissionGlyph_PermissionOk.png" />
      <State Left="0" Top="0" Width="45" Height="49" />
      <State Left="0" Top="0" Width="45" Height="49" />
      <State Left="0" Top="0" Width="45" Height="49" />
      <State Left="0" Top="0" Width="45" Height="49" />
    </Part>
    <Part id="1" Name="PermissionFail" TransparentMode="Alpha">
      <Graphic Name="FilePermissionGlyph_PermissionFail.png" />
      <State Left="0" Top="0" Width="32" Height="32" />
      <State Left="0" Top="0" Width="32" Height="32" />
      <State Left="0" Top="0" Width="32" Height="32" />
      <State Left="0" Top="0" Width="32" Height="32" />
    </Part>
  </Item>
</Skin>