﻿<?xml version="1.0" encoding="UTF-8" standalone="yes"?>
<Skin>
  <Item Name="FileTabButtonProperties">
    <Part id="0" Name="Frame" FillMode="stretch" TransparentMode="Alpha">
      <Graphic Name="FileTabButtonProperties.png" />
      <State Left="0" Top="0" Width="100" Height="30">
        <Margins Left="1" Right="1" />
      </State>
      <State Left="103" Top="0" Width="100" Height="30">
        <Margins Left="1" Right="1" />
      </State>
      <State Left="206" Top="0" Width="100" Height="30">
        <Margins Left="1" Right="1" />
      </State>
      <State Left="0" Top="0" Width="100" Height="30">
        <Margins Left="1" Top="1" Right="1" Bottom="1" />
      </State>
    </Part>
  </Item>
</Skin>