﻿<?xml version="1.0" encoding="UTF-8" standalone="yes"?>
<Skin>
  <Item Name="FileTabButton">
    <Part id="0" Name="Frame" FillMode="stretch" TransparentMode="Alpha">
      <Graphic Name="FileTabButton.png" />
      <State Left="0" Top="0" Width="2" Height="37">
        <Font Color="0xff666666" />
      </State>
      <State Left="4" Top="0" Width="2" Height="37">
        <Font Color="0xff666666" />
      </State>
      <State Left="2" Top="0" Width="2" Height="37">
        <Font Color="clWhite" />
      </State>
      <State Left="0" Top="0" Width="2" Height="37">
        <Font Color="0xffa5a5a5" />
      </State>
    </Part>
  </Item>
</Skin>