﻿<?xml version="1.0" encoding="UTF-8" standalone="yes"?>
<Skin>
  <Item Name="FileBtnBKG">
    <Part id="0" Name="Frame" FillMode="stretch" TransparentMode="Alpha">
      <Graphic Name="FileBtnBKG.png" />
      <State Left="0" Top="0" Width="2" Height="2">
        <Font Color="0xff222222" />
      </State>
      <State Left="2" Top="0" Width="2" Height="2">
        <Font Color="0xff8f382b" />
      </State>
      <State Left="4" Top="0" Width="2" Height="2">
        <Font Color="0xff8f382b" />
      </State>
      <State Left="6" Top="0" Width="2" Height="2">
        <Font Color="0xffd6b4af" />
      </State>
    </Part>
  </Item>
</Skin>