﻿<?xml version="1.0" encoding="UTF-8" standalone="yes"?>
<Skin>
  <Item Name="ForColorGlyph">
    <Part id="0" Name="Checked" TransparentMode="Alpha">
      <State Left="0" Top="0" Width="0" Height="0" />
      <State Left="0" Top="0" Width="0" Height="0" />
      <State Left="0" Top="0" Width="0" Height="0">
        <Font Color="0xffb03f2e" />
      </State>
      <State Left="0" Top="0" Width="0" Height="0" />
    </Part>
    <Part id="1" Name="MiddleSmall" TransparentMode="Alpha">
      <Graphic Name="ForColorGlyph_MiddleSmall.png" />
      <State Left="0" Top="0" Width="16" Height="14" />
      <State Left="16" Top="0" Width="16" Height="14" />
      <State Left="32" Top="0" Width="16" Height="14">
        <Font Color="0xffb03f2e" />
      </State>
      <State Left="48" Top="0" Width="16" Height="14" />
    </Part>
  </Item>
</Skin>