﻿<?xml version="1.0" encoding="UTF-8" standalone="yes"?>
<Skin>
  <Item Name="FormsFieldRecognitionGlyph">
    <Part id="0" Name="Frame" FillMode="stretch" TransparentMode="Alpha">
      <Graphic Name="FormsFieldRecognitionGlyph_Frame.png" />
      <State Left="0" Top="0" Width="24" Height="24" />
      <State Left="0" Top="0" Width="24" Height="24" />
      <State Left="0" Top="0" Width="24" Height="24" />
      <State Left="24" Top="0" Width="24" Height="24" />
    </Part>
    <Part id="1" Name="Frame" FillMode="stretch" TransparentMode="Alpha">
      <Graphic Name="FormsFieldRecognitionGlyph_Frame.png" />
      <State Left="0" Top="0" Width="24" Height="24" />
      <State Left="0" Top="0" Width="24" Height="24" />
      <State Left="0" Top="0" Width="24" Height="24" />
      <State Left="24" Top="0" Width="24" Height="24" />
    </Part>
  </Item>
</Skin>