﻿<?xml version="1.0" encoding="UTF-8" standalone="yes"?>
<Skin>
  <Item Name="ForRightGlyph">
    <Part id="0" Name="Frame" FillMode="stretch" TransparentMode="Alpha">
      <Graphic Name="ForRightGlyph_Frame.png" />
      <State Left="0" Top="0" Width="32" Height="32" />
      <State Left="32" Top="0" Width="32" Height="32" />
      <State Left="64" Top="0" Width="32" Height="32">
        <Font Color="0xffb03f2e" />
      </State>
      <State Left="96" Top="0" Width="32" Height="32" />
    </Part>
    <Part id="1" Name="MiddleSmall" TransparentMode="Alpha">
      <Graphic Name="ForRightGlyph_Frame_MiddleSmall.png" />
      <State Left="0" Top="0" Width="16" Height="16" />
      <State Left="16" Top="0" Width="16" Height="16" />
      <State Left="32" Top="0" Width="16" Height="16">
        <Font Color="0xffb03f2e" />
      </State>
      <State Left="48" Top="0" Width="16" Height="16" />
    </Part>
  </Item>
</Skin>