﻿<?xml version="1.0" encoding="UTF-8" standalone="yes"?>
<Skin>
  <Item Name="ForZoomInFontGlyph">
    <Part id="0" Name="Checked" TransparentMode="Alpha">
      <State Left="0" Top="0" Width="0" Height="0" />
      <State Left="0" Top="0" Width="0" Height="0" />
      <State Left="0" Top="0" Width="0" Height="0">
        <Font Color="0xffb03f2e" />
      </State>
      <State Left="0" Top="0" Width="0" Height="0" />
    </Part>
    <Part id="1" Name="MiddleSmall" TransparentMode="Alpha">
      <Graphic Name="ForZoomInFontGlyph_MiddleSmall.png" />
      <State Left="0" Top="0" Width="26" Height="22" />
      <State Left="26" Top="0" Width="26" Height="22" />
      <State Left="52" Top="0" Width="26" Height="22">
        <Font Color="0xffb03f2e" />
      </State>
      <State Left="78" Top="0" Width="26" Height="22" />
    </Part>
  </Item>
</Skin>