﻿<?xml version="1.0" encoding="UTF-8" standalone="yes"?>
<Skin>
  <Item Name="FreeTrialGBtnBuy">
    <Part id="0" Name="Frame" FillMode="stretch" TransparentMode="Alpha">
      <Graphic Name="FreeTrialGBtnBuy.png" />
      <State Left="0" Top="0" Width="170" Height="36">
        <Margins Left="15" Top="14" Right="15" Bottom="14" />
      </State>
      <State Left="0" Top="0" Width="170" Height="36">
        <Margins Left="15" Top="14" Right="15" Bottom="14" />
      </State>
      <State Left="0" Top="0" Width="170" Height="36">
        <Margins Left="15" Top="14" Right="15" Bottom="14" />
      </State>
      <State Left="0" Top="44" Width="170" Height="36">
        <Margins Left="15" Top="14" Right="15" Bottom="14" />
      </State>
    </Part>
  </Item>
</Skin>