﻿<?xml version="1.0" encoding="UTF-8" standalone="yes"?>
<Skin>
  <Item Name="GBBKGLR">
    <Part id="0" Name="Frame" FillMode="stretch" TransparentMode="Alpha">
      <Graphic Name="GBBKGLR_Frame.png" />
      <State Left="0" Top="0" Width="3" Height="10">
        <Margins Left="1" Right="1" />
      </State>
      <State Left="0" Top="0" Width="3" Height="10">
        <Margins Left="1" Right="1" />
      </State>
      <State Left="0" Top="0" Width="3" Height="10">
        <Margins Left="1" Right="1" />
      </State>
      <State Left="0" Top="0" Width="3" Height="10">
        <Margins Left="1" Right="1" />
      </State>
    </Part>
    <Part id="1" Name="Collapse" TransparentMode="Alpha">
      <Graphic Name="GBBKGLR_Frame.png" />
      <State Left="0" Top="0" Width="3" Height="10">
        <Margins Left="1" Right="1" />
      </State>
      <State Left="0" Top="0" Width="3" Height="10">
        <Margins Left="1" Right="1" />
      </State>
      <State Left="0" Top="0" Width="3" Height="10">
        <Margins Left="1" Right="1" />
      </State>
      <State Left="0" Top="0" Width="3" Height="10">
        <Margins Left="1" Right="1" />
      </State>
    </Part>
    <Part id="2" Name="Glyph" TransparentMode="Alpha">
      <State Left="0" Top="0" Width="0" Height="0" />
      <State Left="0" Top="0" Width="0" Height="0" />
      <State Left="0" Top="0" Width="0" Height="0" />
      <State Left="0" Top="0" Width="0" Height="0" />
    </Part>
    <Part id="3" Name="Arrow" TransparentMode="Alpha">
      <Graphic Name="GBBKGLR_Arrow.png" />
      <State Left="0" Top="0" Width="5" Height="3" />
      <State Left="0" Top="0" Width="5" Height="3" />
      <State Left="0" Top="0" Width="5" Height="3" />
      <State Left="6" Top="0" Width="5" Height="3" />
    </Part>
    <Part id="4" Name="PopUPBKG" TransparentMode="Alpha">
      <Graphic Name="GBBKGLR_PopUPBKG.png" />
      <State Left="0" Top="0" Width="17" Height="20" />
      <State Left="17" Top="0" Width="17" Height="20" />
      <State Left="0" Top="0" Width="0" Height="0" />
      <State Left="34" Top="0" Width="17" Height="20" />
    </Part>
  </Item>
</Skin>