﻿<?xml version="1.0" encoding="UTF-8" standalone="yes"?>
<Skin>
  <Item Name="GrayBottomGlyph">
    <Part id="0" Name="Frame" FillMode="stretch" TransparentMode="Alpha">
      <Graphic Name="GrayBottomGlyph.png" />
      <State Left="0" Top="0" Width="8" Height="2">
        <Margins Bottom="1" />
      </State>
      <State Left="0" Top="0" Width="8" Height="2">
        <Margins Bottom="1" />
      </State>
      <State Left="0" Top="0" Width="8" Height="2">
        <Margins Bottom="1" />
      </State>
      <State Left="0" Top="0" Width="8" Height="2">
        <Margins Bottom="1" />
      </State>
    </Part>
  </Item>
</Skin>