﻿<?xml version="1.0" encoding="UTF-8" standalone="yes"?>
<Skin>
  <Item Name="Header">
    <Part id="0" Name="HeaderBkgnd" FillMode="stretch" TransparentMode="Alpha">
      <Graphic Name="Header_HeaderBkgnd.png" />
      <State Left="0" Top="0" Width="14" Height="23">
        <Margins Top="2" Bottom="1" />
      </State>
    </Part>
    <Part id="1" Name="HeaderSplit" TransparentMode="Alpha">
      <Graphic Name="Header_HeaderBkgnd_HeaderSplit.png" />
      <State Left="0" Top="0" Width="2" Height="23" />
    </Part>
  </Item>
</Skin>