﻿<?xml version="1.0" encoding="UTF-8" standalone="yes"?>
<Skin>
  <Item Name="Header1">
    <Part id="0" Name="HeaderBkgnd" FillMode="stretch" TransparentMode="Alpha">
      <Graphic Name="Header1_HeaderBkgnd.png" />
      <State Left="0" Top="0" Width="8" Height="3">
        <Margins Bottom="1" />
      </State>
    </Part>
    <Part id="1" Name="HeaderSplit" FillMode="stretch" TransparentMode="Alpha">
      <Graphic Name="Header1_HeaderSplit.png" />
      <State Left="0" Top="0" Width="1" Height="8" />
    </Part>
  </Item>
</Skin>