﻿<?xml version="1.0" encoding="UTF-8" standalone="yes"?>
<Skin>
  <Item Name="HelpSuiteGlyphi">
    <Part id="0" Name="Frame" FillMode="stretch" TransparentMode="Alpha">
      <Graphic Name="HelpSuiteGlyphi.png" />
      <State Left="0" Top="0" Width="30" Height="30" />
      <State Left="30" Top="0" Width="30" Height="30" />
      <State Left="60" Top="0" Width="30" Height="30">
        <Font Color="0xffb03f2e" />
      </State>
      <State Left="90" Top="0" Width="30" Height="30" />
    </Part>
  </Item>
</Skin>