﻿<?xml version="1.0" encoding="UTF-8" standalone="yes"?>
<Skin>
  <Item Name="HisFileButton">
    <Part id="0" Name="Frame" FillMode="stretch" TransparentMode="Alpha">
      <Graphic Name="HisFileButton.png" />
      <Font Color="clWhite" />
      <State Left="0" Top="0" Width="16" Height="16">
        <Margins Left="1" Top="1" Right="1" Bottom="1" />
      </State>
      <State Left="16" Top="0" Width="16" Height="16" />
      <State Left="32" Top="0" Width="16" Height="16" />
    </Part>
  </Item>
</Skin>