﻿<?xml version="1.0" encoding="UTF-8" standalone="yes"?>
<Skin>
  <Item Name="HomeFindGlyph">
    <Part id="0" Name="Frame" FillMode="stretch" TransparentMode="Alpha">
      <Graphic Name="HomeFindGlyph_Frame.png" />
      <State Left="0" Top="0" Width="24" Height="24">
        <Margins Top="1" Right="2" Bottom="2" />
      </State>
      <State Left="0" Top="0" Width="24" Height="24">
        <Margins Top="1" Right="2" Bottom="2" />
      </State>
      <State Left="0" Top="0" Width="24" Height="24">
        <Margins Top="1" Right="2" Bottom="2" />
      </State>
      <State Left="24" Top="0" Width="24" Height="24">
        <Margins Top="1" Right="2" Bottom="2" />
      </State>
    </Part>
    <Part id="1" Name="Frame" FillMode="stretch" TransparentMode="Alpha">
      <Graphic Name="HomeFindGlyph_Frame.png" />
      <State Left="0" Top="0" Width="24" Height="24">
        <Margins Top="1" Right="2" Bottom="2" />
      </State>
      <State Left="0" Top="0" Width="24" Height="24">
        <Margins Top="1" Right="2" Bottom="2" />
      </State>
      <State Left="0" Top="0" Width="24" Height="24">
        <Margins Top="1" Right="2" Bottom="2" />
      </State>
      <State Left="24" Top="0" Width="24" Height="24">
        <Margins Top="1" Right="2" Bottom="2" />
      </State>
    </Part>
  </Item>
</Skin>