﻿<?xml version="1.0" encoding="UTF-8" standalone="yes"?>
<Skin>
  <Item Name="HomeSelectGlyph">
    <Part id="0" Name="Frame" FillMode="stretch" TransparentMode="Alpha">
      <Graphic Name="HomeSelectGlyph_Frame.png" />
      <State Left="24" Top="0" Width="24" Height="24">
        <Margins Left="2" Top="1" Right="2" Bottom="1" />
      </State>
      <State Left="24" Top="0" Width="24" Height="24">
        <Margins Left="2" Top="1" Right="2" Bottom="1" />
      </State>
      <State Left="24" Top="0" Width="24" Height="24">
        <Margins Left="2" Top="1" Right="2" Bottom="1" />
      </State>
      <State Left="0" Top="0" Width="24" Height="24">
        <Margins Left="2" Top="1" Right="2" Bottom="1" />
      </State>
    </Part>
    <Part id="1" Name="MiddleSmall" FillMode="stretch" TransparentMode="Alpha">
      <Graphic Name="HomeSelectGlyph_Frame.png" />
      <State Left="24" Top="0" Width="24" Height="24">
        <Margins Left="2" Top="1" Right="2" Bottom="1" />
      </State>
      <State Left="24" Top="0" Width="24" Height="24">
        <Margins Left="2" Top="1" Right="2" Bottom="1" />
      </State>
      <State Left="24" Top="0" Width="24" Height="24">
        <Margins Left="2" Top="1" Right="2" Bottom="1" />
      </State>
      <State Left="0" Top="0" Width="24" Height="24">
        <Margins Left="2" Top="1" Right="2" Bottom="1" />
      </State>
    </Part>
  </Item>
</Skin>