﻿<?xml version="1.0" encoding="UTF-8" standalone="yes"?>
<Skin>
  <Item Name="HomeScaner">
    <Part id="0" Name="Frame" FillMode="stretch" TransparentMode="Alpha">
      <Graphic Name="HomeScaner_Frame.png" />
      <State Left="24" Top="0" Width="24" Height="24">
        <Margins Left="2" Top="3" Right="1" Bottom="3" />
      </State>
      <State Left="24" Top="0" Width="24" Height="24">
        <Margins Left="2" Top="3" Right="1" Bottom="3" />
      </State>
      <State Left="24" Top="0" Width="24" Height="24">
        <Margins Left="2" Top="3" Right="1" Bottom="3" />
      </State>
      <State Left="0" Top="0" Width="24" Height="24">
        <Margins Left="2" Top="3" Right="1" Bottom="3" />
      </State>
    </Part>
    <Part id="1" Name="Frame" FillMode="stretch" TransparentMode="Alpha">
      <Graphic Name="HomeScaner_Frame.png" />
      <State Left="24" Top="0" Width="24" Height="24">
        <Margins Left="2" Top="3" Right="1" Bottom="3" />
      </State>
      <State Left="24" Top="0" Width="24" Height="24">
        <Margins Left="2" Top="3" Right="1" Bottom="3" />
      </State>
      <State Left="24" Top="0" Width="24" Height="24">
        <Margins Left="2" Top="3" Right="1" Bottom="3" />
      </State>
      <State Left="0" Top="0" Width="24" Height="24">
        <Margins Left="2" Top="3" Right="1" Bottom="3" />
      </State>
    </Part>
  </Item>
</Skin>