﻿<?xml version="1.0" encoding="UTF-8" standalone="yes"?>
<Skin>
  <Item Name="IconAttachOpen">
    <Part id="0" Name="Frame" FillMode="stretch" TransparentMode="Alpha">
      <Graphic Name="IconAttachOpen.png" />
      <State Left="0" Top="0" Width="20" Height="20">
        <Margins Left="2" Right="2" />
      </State>
      <State Left="20" Top="0" Width="20" Height="20">
        <Margins Left="2" Right="2" />
      </State>
      <State Left="40" Top="0" Width="20" Height="20">
        <Margins Left="2" Right="2" />
      </State>
      <State Left="60" Top="0" Width="20" Height="20">
        <Margins Left="2" Right="3" />
      </State>
    </Part>
  </Item>
</Skin>